id;att_type;name;path;file_size;ext;reg_user;reg_date;mod_user;mod_date
1;Vietnam incentivize withdrawal;world-class conglomeration;Puerto;20961;payment;Soft Implementation FTP;2023-05-19T00:27:34;Dynamic Home intuitive;2023-05-19T01:35:00
2;Croatian Tennessee;Springs Rubber;Buckinghamshire up Nebraska;80777;monetize sky;deliverables withdrawal panel;2023-05-18T23:06:27;Arabia Metal Illinois;2023-05-18T09:32:33
3;pink deposit;compress;invoice parsing;56457;Home Coordinator Metal;Clothing RAM;2023-05-19T03:55:03;Prairie Louisiana program;2023-05-18T20:11:52
4;sensor deliver SMS;transmitting;contingency;14868;payment;Kids Engineer payment;2023-05-18T10:45:52;Infrastructure transmitting Concrete;2023-05-18T10:18:33
5;Health Executive;encompassing withdrawal digital;Salad Future-proofed Island;89229;Soft;Fresh magnetic Fish;2023-05-18T20:17:41;PCI Shirt;2023-05-18T17:01:17
6;seize Awesome;Engineer Jewelery HTTP;Koruna Rustic Shoes;48322;Dollar Soap;Wisconsin;2023-05-19T03:46:26;intranet;2023-05-19T02:57:33
7;Iraqi Springs Mountain;Principal Future Sausages;Ball bluetooth;58409;transmitter time-frame;Beauty;2023-05-18T22:52:17;Vista Springs navigate;2023-05-18T14:39:24
8;motivating;cross-media Credit;instruction Shoes Legacy;42287;reboot;Plastic Cheese;2023-05-18T16:49:30;Internal;2023-05-18T15:39:02
9;distributed Squares reciprocal;Market Outdoors Berkshire;content;23046;Games;New;2023-05-19T05:51:26;time-frame Dollar;2023-05-19T05:21:15
10;Cotton transmit Central;microchip aggregate;Soap synthesize Dynamic;84425;Checking Lithuania Unbranded;program Avon;2023-05-18T22:19:00;Savings;2023-05-19T03:52:30
