id;bd_type;title;content;published_date;status;board_order;reg_user;reg_date;mod_user;mod_date
1;Implemented HDD Virginia;efficient;Legacy;2023-05-19T02:18:32;Accountability Leu green;79708;Security;2023-05-19T04:28:03;BEAC;2023-05-18T11:38:10
2;protocol;Object-based;value-added Colorado Bacon;2023-05-18T22:22:54;Future Frozen;22975;Multi-tiered Frozen;2023-05-18T10:10:01;Borders AI Camp;2023-05-18T14:52:32
3;auxiliary;Bedfordshire;Account;2023-05-19T02:42:16;Lead Buckinghamshire Coordinator;15491;e-services Consultant;2023-05-19T01:13:19;Circle syndicate green;2023-05-18T06:42:13
4;AI Planner User-centric;Mississippi;drive THX Lead;2023-05-18T12:01:01;architectures;14986;Keyboard;2023-05-18T16:14:57;Forward quantifying;2023-05-18T06:55:58
5;California withdrawal Optimized;Granite Ball;Beauty methodical;2023-05-19T03:17:43;Corporate target;91203;Greens Luxembourg Virginia;2023-05-18T08:01:32;Plastic system superstructure;2023-05-19T04:46:59
6;hard;Fiji Officer;moderator;2023-05-19T03:41:56;Burundi;50681;transmitting indigo;2023-05-18T09:48:31;International Bypass Chair;2023-05-18T13:15:55
7;Kids;Frozen tangible;Product;2023-05-18T18:37:01;Jamaica object-oriented Corporate;27984;Norfolk Steel Savings;2023-05-19T02:58:41;Bedfordshire;2023-05-18T12:35:37
8;Representative Avon;quantifying;Cambridgeshire;2023-05-19T03:03:49;silver Gorgeous;12966;magenta seamless Tasty;2023-05-18T13:37:33;driver;2023-05-18T12:25:53
9;Accountability Cambodia;models Soap;Plastic;2023-05-18T18:38:44;withdrawal;90097;Bedfordshire client-driven;2023-05-18T09:42:50;withdrawal SQL;2023-05-18T10:07:23
10;Islands Integration;Generic Shoes Switchable;Concrete Licensed navigating;2023-05-18T23:13:02;invoice Chicken sensor;55996;interface Avon Tactics;2023-05-18T22:46:49;state action-items;2023-05-18T07:37:29
