id;title;content;status;link;reg_user;reg_date;mod_user;mod_date
1;Berkshire mindshare;protocol Dam integrated;bandwidth matrix;Legacy Executive Movies;SAS;2023-05-18T16:50:52;Lead;2023-05-18T18:02:52
2;Granite Sol Division;Loan;Visionary withdrawal;Tasty;parsing Multi-channelled Response;2023-05-18T11:47:44;migration Soft;2023-05-18T22:31:14
3;Springs;Texas withdrawal;24 engineer deposit;Kids leading-edge Berkshire;web-readiness Quality Card;2023-05-18T20:05:17;Ville capacitor;2023-05-18T15:14:30
4;program Rubber Georgia;International Intelligent;Soap overriding;Nakfa;Baby teal Books;2023-05-18T13:08:47;exploit;2023-05-18T09:20:58
5;Incredible;coherent Cambridgeshire Metrics;front-end Pa'anga Account;B2C;protocol azure Jewelery;2023-05-19T03:23:02;Manager Incredible;2023-05-18T14:11:12
6;transparent;Savings killer;Chair state;HTTP;indexing;2023-05-19T04:27:34;calculate transmitter;2023-05-18T20:25:41
7;SDD Account value-added;Metal;payment;intangible Money Car;Loan Keyboard Customer;2023-05-18T07:12:05;alarm Macedonia Developer;2023-05-18T17:47:31
8;Salad generating;Nauru payment Triple-buffered;Intelligent;Function-based Kentucky invoice;syndicate online Vanuatu;2023-05-18T16:07:28;Tasty;2023-05-18T10:18:55
9;interface Brazil Virginia;JSON Intelligent Account;transmitter Shoes;invoice invoice;Persevering;2023-05-18T22:10:50;sensor Granite;2023-05-19T02:59:15
10;Loan innovate;parse Ramp;Pakistan Music;action-items;bluetooth Fresh Ukraine;2023-05-19T00:18:04;Bacon deposit Australian;2023-05-18T17:30:58
